-- phpMyAdmin SQL Dump
-- version 5.2.1
-- https://www.phpmyadmin.net/
--
-- Servidor: 127.0.0.1
-- Tiempo de generación: 07-04-2026 a las 22:13:17
-- Versión del servidor: 10.4.32-MariaDB
-- Versión de PHP: 8.2.12

SET SQL_MODE = "NO_AUTO_VALUE_ON_ZERO";
START TRANSACTION;
SET time_zone = "+00:00";


/*!40101 SET @OLD_CHARACTER_SET_CLIENT=@@CHARACTER_SET_CLIENT */;
/*!40101 SET @OLD_CHARACTER_SET_RESULTS=@@CHARACTER_SET_RESULTS */;
/*!40101 SET @OLD_COLLATION_CONNECTION=@@COLLATION_CONNECTION */;
/*!40101 SET NAMES utf8mb4 */;

--
-- Base de datos: `gestion_seguros`
--

-- --------------------------------------------------------

--
-- Estructura de tabla para la tabla `clientes`
--

CREATE TABLE `clientes` (
  `id` int(11) NOT NULL,
  `tipo_cliente` enum('Particular','Empresa') DEFAULT 'Particular',
  `nombre` varchar(100) NOT NULL,
  `apellidos` varchar(100) DEFAULT NULL,
  `dni` varchar(20) DEFAULT NULL,
  `email` varchar(150) DEFAULT NULL,
  `telefono` varchar(20) DEFAULT NULL,
  `direccion` varchar(255) DEFAULT NULL,
  `cp` varchar(10) DEFAULT NULL,
  `provincia_id` int(11) DEFAULT NULL,
  `localidad_id` int(11) DEFAULT NULL
) ENGINE=InnoDB DEFAULT CHARSET=utf8mb4 COLLATE=utf8mb4_spanish_ci;

--
-- Volcado de datos para la tabla `clientes`
--

INSERT INTO `clientes` (`id`, `tipo_cliente`, `nombre`, `apellidos`, `dni`, `email`, `telefono`, `direccion`, `cp`, `provincia_id`, `localidad_id`) VALUES
(6, 'Particular', 'FRANCISCO JAVIER', 'JIMENEZ DOMINGUEZ', '75527156D', 'javier@gmail.com', '652934774', 'Calle Murillo 12', '21710', 21, NULL),
(7, 'Particular', 'MARIA JOSE', 'CRUCES DOMINGUEZ', '75551814B', 'mariajose@gmail.com', '643233661', 'Calle Maestra 24', '21710', 21, NULL),
(8, 'Empresa', 'SEGUROS ATLAS S.L.', NULL, 'B12345678', 'contacto@atlas.com', '954000111', 'Av. De la Palmera 4', '41012', 41, NULL),
(9, 'Particular', 'ANTONIO', 'RUIZ GALLARDO', '28889910J', 'antonio.ruiz@hotmail.com', '600112233', 'Plaza Mayor 1', '28001', 28, NULL),
(10, 'Empresa', 'TECNOLOGIAS SUR', NULL, 'B87654321', 'info@tecsur.es', '910223344', 'Polígono Industrial 5', '28850', 28, NULL);

-- --------------------------------------------------------

--
-- Estructura de tabla para la tabla `municipios`
--

CREATE TABLE `municipios` (
  `id` int(11) NOT NULL,
  `provincia_id` int(11) DEFAULT NULL,
  `nombre` varchar(100) NOT NULL
) ENGINE=InnoDB DEFAULT CHARSET=utf8mb4 COLLATE=utf8mb4_spanish_ci;

--
-- Volcado de datos para la tabla `municipios`
--

INSERT INTO `municipios` (`id`, `provincia_id`, `nombre`) VALUES
(1, 1, 'Agurain/Salvatierra'),
(2, 1, 'Alegría-Dulantzi'),
(3, 1, 'Amurrio'),
(4, 1, 'Añana'),
(5, 1, 'Aramaio'),
(6, 1, 'Armiñón'),
(7, 1, 'Arraia-Maeztu'),
(8, 1, 'Arratzua-Ubarrundia'),
(9, 1, 'Artziniega'),
(10, 1, 'Asparrena'),
(11, 1, 'Ayala/Aiara'),
(12, 1, 'Baños de Ebro/Mañueta'),
(13, 1, 'Barrundia'),
(14, 1, 'Berantevilla'),
(15, 1, 'Bernedo'),
(16, 1, 'Campezo/Kanpezu'),
(17, 1, 'Elburgo/Burgelu'),
(18, 1, 'Elciego'),
(19, 1, 'Elvillar/Bilar'),
(20, 1, 'Erriberagoitia/Ribera Alta'),
(21, 1, 'Harana/Valle de Arana'),
(22, 1, 'Iruña Oka/Iruña de Oca'),
(23, 1, 'Iruraiz-Gauna'),
(24, 1, 'Kripan'),
(25, 1, 'Kuartango'),
(26, 1, 'Labastida/Bastida'),
(27, 1, 'Lagrán'),
(28, 1, 'Laguardia'),
(29, 1, 'Lanciego/Lantziego'),
(30, 1, 'Lantarón'),
(31, 1, 'Lapuebla de Labarca'),
(32, 1, 'Laudio/Llodio'),
(33, 1, 'Legutio'),
(34, 1, 'Leza'),
(35, 1, 'Moreda de Álava/Moreda Araba'),
(36, 1, 'Navaridas'),
(37, 1, 'Okondo'),
(38, 1, 'Oyón-Oion'),
(39, 1, 'Peñacerrada-Urizaharra'),
(40, 1, 'Ribera Baja/Erriberabeitia'),
(41, 1, 'Samaniego'),
(42, 1, 'San Millán/Donemiliaga'),
(43, 1, 'Urkabustaiz'),
(44, 1, 'Valdegovía/Gaubea'),
(45, 1, 'Villabuena de Álava/Eskuernaga'),
(46, 1, 'Vitoria-Gasteiz'),
(47, 1, 'Yécora/Iekora'),
(48, 1, 'Zalduondo'),
(49, 1, 'Zambrana'),
(50, 1, 'Zigoitia'),
(51, 1, 'Zuia'),
(52, 2, 'Abengibre'),
(53, 2, 'Alatoz'),
(54, 2, 'Albacete'),
(55, 2, 'Albatana'),
(56, 2, 'Alborea'),
(57, 2, 'Alcadozo'),
(58, 2, 'Alcalá del Júcar'),
(59, 2, 'Alcaraz'),
(60, 2, 'Almansa'),
(61, 2, 'Alpera'),
(62, 2, 'Ayna'),
(63, 2, 'Balazote'),
(64, 2, 'El Ballestero'),
(65, 2, 'Balsa de Ves'),
(66, 2, 'Barrax'),
(67, 2, 'Bienservida'),
(68, 2, 'Bogarra'),
(69, 2, 'Bonete'),
(70, 2, 'El Bonillo'),
(71, 2, 'Carcelén'),
(72, 2, 'Casas de Juan Núñez'),
(73, 2, 'Casas de Lázaro'),
(74, 2, 'Casas de Ves'),
(75, 2, 'Casas-Ibáñez'),
(76, 2, 'Caudete'),
(77, 2, 'Cenizate'),
(78, 2, 'Chinchilla de Monte-Aragón'),
(79, 2, 'Corral-Rubio'),
(80, 2, 'Cotillas'),
(81, 2, 'Elche de la Sierra'),
(82, 2, 'Férez'),
(83, 2, 'Fuensanta'),
(84, 2, 'Fuente-Álamo'),
(85, 2, 'Fuentealbilla'),
(86, 2, 'La Gineta'),
(87, 2, 'Golosalvo'),
(88, 2, 'Hellín'),
(89, 2, 'La Herrera'),
(90, 2, 'Higueruela'),
(91, 2, 'Hoya-Gonzalo'),
(92, 2, 'Jorquera'),
(93, 2, 'Letur'),
(94, 2, 'Lezuza'),
(95, 2, 'Liétor'),
(96, 2, 'Madrigueras'),
(97, 2, 'Mahora'),
(98, 2, 'Masegoso'),
(99, 2, 'Minaya'),
(100, 2, 'Molinicos'),
(101, 2, 'Montalvos'),
(102, 2, 'Montealegre del Castillo'),
(103, 2, 'Motilleja'),
(104, 2, 'Munera'),
(105, 2, 'Navas de Jorquera'),
(106, 2, 'Nerpio'),
(107, 2, 'Ontur'),
(108, 2, 'Ossa de Montiel'),
(109, 2, 'Paterna del Madera'),
(110, 2, 'Peñas de San Pedro'),
(111, 2, 'Peñascosa'),
(112, 2, 'Pétrola'),
(113, 2, 'Povedilla'),
(114, 2, 'Pozo Cañada'),
(115, 2, 'Pozohondo'),
(116, 2, 'Pozo-Lorente'),
(117, 2, 'Pozuelo'),
(118, 2, 'La Recueja'),
(119, 2, 'Riópar'),
(120, 2, 'Robledo'),
(121, 2, 'La Roda'),
(122, 2, 'Salobre'),
(123, 2, 'San Pedro'),
(124, 2, 'Socovos'),
(125, 2, 'Tarazona de la Mancha'),
(126, 2, 'Tobarra'),
(127, 2, 'Valdeganga'),
(128, 2, 'Vianos'),
(129, 2, 'Villa de Ves'),
(130, 2, 'Villalgordo del Júcar'),
(131, 2, 'Villamalea'),
(132, 2, 'Villapalacios'),
(133, 2, 'Villarrobledo'),
(134, 2, 'Villatoya'),
(135, 2, 'Villavaliente'),
(136, 2, 'Villaverde de Guadalimar'),
(137, 2, 'Viveros'),
(138, 2, 'Yeste'),
(139, 3, 'Adsubia'),
(140, 3, 'Agost'),
(141, 3, 'Agres'),
(142, 3, 'Aigües'),
(143, 3, 'Alacant/Alicante'),
(144, 3, 'Albatera'),
(145, 3, 'Alcalalí'),
(146, 3, 'Alcocer de Planes'),
(147, 3, 'Alcoleja'),
(148, 3, 'Alcoi/Alcoy'),
(149, 3, 'Alfafara'),
(150, 3, 'Alfàs del Pi, l\''),
(151, 3, 'Algorfa'),
(152, 3, 'Algueña'),
(153, 3, 'Almoradí'),
(154, 3, 'Almudaina'),
(155, 3, 'Alqueria d\'Asnar, l\''),
(156, 3, 'Altea'),
(157, 3, 'Aspe'),
(158, 3, 'Atzúbia, l\''),
(159, 3, 'Balones'),
(160, 3, 'Banyeres de Mariola'),
(161, 3, 'Benasau'),
(162, 3, 'Beneixama'),
(163, 3, 'Benejúzar'),
(164, 3, 'Benferri'),
(165, 3, 'Beniarbeig'),
(166, 3, 'Beniardà'),
(167, 3, 'Beniarrés'),
(168, 3, 'Benidoleig'),
(169, 3, 'Benidorm'),
(170, 3, 'Benifallim'),
(171, 3, 'Benifato'),
(172, 3, 'Benigembla'),
(173, 3, 'Benijófar'),
(174, 3, 'Benilloba'),
(175, 3, 'Benillup'),
(176, 3, 'Benimantell'),
(177, 3, 'Benimarfull'),
(178, 3, 'Benimassot'),
(179, 3, 'Benimeli'),
(180, 3, 'Benissa'),
(181, 3, 'Benitachell/Poble Nou de Benitatxell, el'),
(182, 3, 'Biar'),
(183, 3, 'Bigastro'),
(184, 3, 'Bolulla'),
(185, 3, 'Busot'),
(186, 3, 'Callosa de Segura'),
(187, 3, 'Callosa d\'en Sarrià'),
(188, 3, 'Calp'),
(189, 3, 'Camp de Mirra, el/Campo de Mirra'),
(190, 3, 'Campello, el'),
(191, 3, 'Cañada'),
(192, 3, 'Castalla'),
(193, 3, 'Castell de Castells'),
(194, 3, 'Castell de Guadalest, el'),
(195, 3, 'Catral'),
(196, 3, 'Cocentaina'),
(197, 3, 'Confrides'),
(198, 3, 'Cox'),
(199, 3, 'Crevillent'),
(200, 3, 'Daya Nueva'),
(201, 3, 'Daya Vieja'),
(202, 3, 'Dénia'),
(203, 3, 'Dolores'),
(204, 3, 'Elche/Elx'),
(205, 3, 'Elda'),
(206, 3, 'Fageca'),
(207, 3, 'Famorca'),
(208, 3, 'Finestrat'),
(209, 3, 'Fondó de les Neus, el/Hondón de las Nieves'),
(210, 3, 'Formentera del Segura'),
(211, 3, 'Gaianes'),
(212, 3, 'Gata de Gorgos'),
(213, 3, 'Gorga'),
(214, 3, 'Granja de Rocamora'),
(215, 3, 'Guardamar del Segura'),
(216, 3, 'Hondón de los Frailes'),
(217, 3, 'Ibi'),
(218, 3, 'Jacarilla'),
(219, 3, 'Jalón/Xaló'),
(220, 3, 'Jávea/Xàbia'),
(221, 3, 'Jijona/Xixona'),
(222, 3, 'Llíber'),
(223, 3, 'Lorcha/Orxa, l\''),
(224, 3, 'Millena'),
(225, 3, 'Monforte del Cid'),
(226, 3, 'Monòver/Monóvar'),
(227, 3, 'Montesinos, Los'),
(228, 3, 'Murla'),
(229, 3, 'Muro de Alcoy'),
(230, 3, 'Mutxamel'),
(231, 3, 'Novelda'),
(232, 3, 'Nucia, la'),
(233, 3, 'Ondara'),
(234, 3, 'Onil'),
(235, 3, 'Orba'),
(236, 3, 'Orihuela'),
(237, 3, 'Orxeta'),
(238, 3, 'Parcent'),
(239, 3, 'Pedreguer'),
(240, 3, 'Pego'),
(241, 3, 'Penàguila'),
(242, 3, 'Petrer'),
(243, 3, 'Pilar de la Horadada'),
(244, 3, 'Pinós, el/Pinoso'),
(245, 3, 'Planes'),
(246, 3, 'Poblets, els'),
(247, 3, 'Polop'),
(248, 3, 'Quatretondeta'),
(249, 3, 'Rafal'),
(250, 3, 'Ràfol d\'Almúnia, el'),
(251, 3, 'Redován'),
(252, 3, 'Relleu'),
(253, 3, 'Rojales'),
(254, 3, 'Romana, la'),
(255, 3, 'Sagra'),
(256, 3, 'Salinas'),
(257, 3, 'San Fulgencio'),
(258, 3, 'San Isidro'),
(259, 3, 'San Miguel de Salinas'),
(260, 3, 'Sanet y Negrals'),
(261, 3, 'Sant Joan d\'Alacant'),
(262, 3, 'Sant Vicent del Raspeig/San Vicente del Raspeig'),
(263, 3, 'Santa Pola'),
(264, 3, 'Sax'),
(265, 3, 'Sella'),
(266, 3, 'Senija'),
(267, 3, 'Tàrbena'),
(268, 3, 'Teulada'),
(269, 3, 'Tibi'),
(270, 3, 'Tollos'),
(271, 3, 'Tormos'),
(272, 3, 'Torre de les Maçanes, la/Torremanzanas'),
(273, 3, 'Torrevieja'),
(274, 3, 'Vall d\'Alcalà, la'),
(275, 3, 'Vall d\'Ebo, la'),
(276, 3, 'Vall de Gallinera, la'),
(277, 3, 'Vall de Laguar, la'),
(278, 3, 'Verger, el'),
(279, 3, 'Vila Joiosa, la/Villajoyosa'),
(280, 3, 'Villena'),
(281, 4, 'Abla'),
(282, 4, 'Abrucena'),
(283, 4, 'Adra'),
(284, 4, 'Albanchez'),
(285, 4, 'Alboloduy'),
(286, 4, 'Albox'),
(287, 4, 'Alcolea'),
(288, 4, 'Alcóntar'),
(289, 4, 'Alcudia de Monteagud'),
(290, 4, 'Alhabia'),
(291, 4, 'Alhama de Almería'),
(292, 4, 'Alicún'),
(293, 4, 'Almería'),
(294, 4, 'Almócita'),
(295, 4, 'Alsodux'),
(296, 4, 'Antas'),
(297, 4, 'Arboleas'),
(298, 4, 'Armuña de Almanzora'),
(299, 4, 'Bacares'),
(300, 4, 'Balanegra'),
(301, 4, 'Bayárcal'),
(302, 4, 'Bayarque'),
(303, 4, 'Bédar'),
(304, 4, 'Beires'),
(305, 4, 'Benahadux'),
(306, 4, 'Benitagla'),
(307, 4, 'Benizalón'),
(308, 4, 'Bentarique'),
(309, 4, 'Berja'),
(310, 4, 'Canjáyar'),
(311, 4, 'Cantoria'),
(312, 4, 'Carboneras'),
(313, 4, 'Castro de Filabres'),
(314, 4, 'Chercos'),
(315, 4, 'Chirivel'),
(316, 4, 'Cóbdar'),
(317, 4, 'Cuevas del Almanzora'),
(318, 4, 'Dalías'),
(319, 4, 'Ejido, El'),
(320, 4, 'Enix'),
(321, 4, 'Felix'),
(322, 4, 'Fines'),
(323, 4, 'Fiñana'),
(324, 4, 'Fondón'),
(325, 4, 'Gádor'),
(326, 4, 'Gallardos, Los'),
(327, 4, 'Garrucha'),
(328, 4, 'Gérgal'),
(329, 4, 'Huécija'),
(330, 4, 'Huércal de Almería'),
(331, 4, 'Huércal-Overa'),
(332, 4, 'Íllar'),
(333, 4, 'Instinción'),
(334, 4, 'Laroya'),
(335, 4, 'Laujar de Andarax'),
(336, 4, 'Líjar'),
(337, 4, 'Lubrín'),
(338, 4, 'Lucainena de las Torres'),
(339, 4, 'Lúcar'),
(340, 4, 'Macael'),
(341, 4, 'María'),
(342, 4, 'Mojácar'),
(343, 4, 'Mojonera, La'),
(344, 4, 'Nacimiento'),
(345, 4, 'Níjar'),
(346, 4, 'Ohanes'),
(347, 4, 'Olula de Castro'),
(348, 4, 'Olula del Río'),
(349, 4, 'Oria'),
(350, 4, 'Padules'),
(351, 4, 'Partaloa'),
(352, 4, 'Paterna del Río'),
(353, 4, 'Pechina'),
(354, 4, 'Pulpí'),
(355, 4, 'Purchena'),
(356, 4, 'Rágol'),
(357, 4, 'Rioja'),
(358, 4, 'Roquetas de Mar'),
(359, 4, 'Santa Cruz de Marchena'),
(360, 4, 'Santa Fe de Mondújar'),
(361, 4, 'Senés'),
(362, 4, 'Serón'),
(363, 4, 'Sierro'),
(364, 4, 'Somontín'),
(365, 4, 'Sorbas'),
(366, 4, 'Suflí'),
(367, 4, 'Tabernas'),
(368, 4, 'Taberno'),
(369, 4, 'Tahal'),
(370, 4, 'Terque'),
(371, 4, 'Tíjola'),
(372, 4, 'Tres Villas, Las'),
(373, 4, 'Turre'),
(374, 4, 'Turrillas'),
(375, 4, 'Uleila del Campo'),
(376, 4, 'Urrácal'),
(377, 4, 'Velefique'),
(378, 4, 'Vélez-Blanco'),
(379, 4, 'Vélez-Rubio'),
(380, 4, 'Vera'),
(381, 4, 'Viator'),
(382, 4, 'Vícar'),
(383, 4, 'Zurgena'),
(384, 5, 'Adanero'),
(385, 5, 'Adrada, La'),
(386, 5, 'Albornos'),
(387, 5, 'Aldeanueva de Santa Cruz'),
(388, 5, 'Aldeaseca'),
(389, 5, 'Aldehuela, La'),
(390, 5, 'Amavida'),
(391, 5, 'Arenal, El'),
(392, 5, 'Arenas de San Pedro'),
(393, 5, 'Arevalillo'),
(394, 5, 'Arévalo'),
(395, 5, 'Aveinte'),
(396, 5, 'Avellaneda'),
(397, 5, 'Ávila'),
(398, 5, 'Barco de Ávila, El'),
(399, 5, 'Barraco, El'),
(400, 5, 'Barromán'),
(401, 5, 'Becedas'),
(402, 5, 'Becedillas'),
(403, 5, 'Bercial de Zapardiel'),
(404, 5, 'Berlanas, Las'),
(405, 5, 'Bernuy-Zapardiel'),
(406, 5, 'Berrocalejo de Aragona'),
(407, 5, 'Blascomillán'),
(408, 5, 'Blasconuño de Matacabras'),
(409, 5, 'Blascosancho'),
(410, 5, 'Bohodón, El'),
(411, 5, 'Bohoyo'),
(412, 5, 'Bonilla de la Sierra'),
(413, 5, 'Brabos'),
(414, 5, 'Bularros'),
(415, 5, 'Burgohondo'),
(416, 5, 'Cabezas de Alambre'),
(417, 5, 'Cabezas del Pozo'),
(418, 5, 'Cabezas del Villar'),
(419, 5, 'Cabizuela'),
(420, 5, 'Canales'),
(421, 5, 'Candeleda'),
(422, 5, 'Cantiveros'),
(423, 5, 'Cardeñosa'),
(424, 5, 'Carrera, La'),
(425, 5, 'Casas del Puerto'),
(426, 5, 'Casasola'),
(427, 5, 'Casavieja'),
(428, 5, 'Casillas'),
(429, 5, 'Castellanos de Zapardiel'),
(430, 5, 'Cebreros'),
(431, 5, 'Cepeda la Mora'),
(432, 5, 'Chamartín'),
(433, 5, 'Cillán'),
(434, 5, 'Cisla'),
(435, 5, 'Colilla, La'),
(436, 5, 'Collado de Contreras'),
(437, 5, 'Collado del Mirón'),
(438, 5, 'Constanzana'),
(439, 5, 'Crespos'),
(440, 5, 'Cuevas del Valle'),
(441, 5, 'Diego del Carpio'),
(442, 5, 'Donjimeno'),
(443, 5, 'Donvidas'),
(444, 5, 'Espinosa de los Caballeros'),
(445, 5, 'Flores de Ávila'),
(446, 5, 'Fontiveros'),
(447, 5, 'Fresnedilla'),
(448, 5, 'Fresno, El'),
(449, 5, 'Fuente el Saúz'),
(450, 5, 'Fuentes de Año'),
(451, 5, 'Gallegos de Altamiros'),
(452, 5, 'Gallegos de Sobrinos'),
(453, 5, 'Garganta del Villar'),
(454, 5, 'Gavilanes'),
(455, 5, 'Gemuño'),
(456, 5, 'Gil García'),
(457, 5, 'Gilbuena'),
(458, 5, 'Gimialcón'),
(459, 5, 'Gotarrendura'),
(460, 5, 'Grandes y San Martín'),
(461, 5, 'Guisando'),
(462, 5, 'Gutierre-Muñoz'),
(463, 5, 'Hernansancho'),
(464, 5, 'Herradón de Pinares'),
(465, 5, 'Herreros de Suso'),
(466, 5, 'Higuera de las Dueñas'),
(467, 5, 'Hija de Dios, La'),
(468, 5, 'Horcajada, La'),
(469, 5, 'Horcajo de las Torres'),
(470, 5, 'Hornillo, El'),
(471, 5, 'Hoyo de Pinares, El'),
(472, 5, 'Hoyocasero'),
(473, 5, 'Hoyorredondo'),
(474, 5, 'Hoyos de Miguel Muñoz'),
(475, 5, 'Hoyos del Collado'),
(476, 5, 'Hoyos del Espino'),
(477, 5, 'Hurtumpascual'),
(478, 5, 'Junciana'),
(479, 5, 'Langa'),
(480, 5, 'Lanzahíta'),
(481, 5, 'Llanos de Tormes, Los'),
(482, 5, 'Losar del Barco, El'),
(483, 5, 'Madrigal de las Altas Torres'),
(484, 5, 'Maello'),
(485, 5, 'Malpartida de Corneja'),
(486, 5, 'Mamblas'),
(487, 5, 'Mancera de Arriba'),
(488, 5, 'Manjabálago y Ortigosa de Rioalmar'),
(489, 5, 'Marlín'),
(490, 5, 'Martiherrero'),
(491, 5, 'Martínez'),
(492, 5, 'Mediana de Voltoya'),
(493, 5, 'Medinilla'),
(494, 5, 'Mengamuñoz'),
(495, 5, 'Mesegar de Corneja'),
(496, 5, 'Mijares'),
(497, 5, 'Mingorría'),
(498, 5, 'Mirón, El'),
(499, 5, 'Mironcillo'),
(500, 5, 'Mirueña de los Infanzones'),
(501, 5, 'Mombeltrán'),
(502, 5, 'Monsalupe'),
(503, 5, 'Moraleja de Matacabras'),
(504, 5, 'Muñana'),
(505, 5, 'Muñico'),
(506, 5, 'Muñogalindo'),
(507, 5, 'Muñogrande'),
(508, 5, 'Muñomer del Peco'),
(509, 5, 'Muñopepe'),
(510, 5, 'Muñosancho'),
(511, 5, 'Muñotello'),
(512, 5, 'Narrillos del Álamo'),
(513, 5, 'Narrillos del Rebollar'),
(514, 5, 'Narros de Saldueña'),
(515, 5, 'Narros del Castillo'),
(516, 5, 'Narros del Puerto'),
(517, 5, 'Nava de Arévalo'),
(518, 5, 'Nava del Barco'),
(519, 5, 'Navacepedilla de Corneja'),
(520, 5, 'Navadijos'),
(521, 5, 'Navaescurial'),
(522, 5, 'Navahondilla'),
(523, 5, 'Navalacruz'),
(524, 5, 'Navalmoral'),
(525, 5, 'Navalonguilla'),
(526, 5, 'Navalosa'),
(527, 5, 'Navalperal de Pinares'),
(528, 5, 'Navalperal de Tormes'),
(529, 5, 'Navaluenga'),
(530, 5, 'Navaquesera'),
(531, 5, 'Navarredonda de Gredos'),
(532, 5, 'Navarredondilla'),
(533, 5, 'Navarrevisca'),
(534, 5, 'Navas del Marqués, Las'),
(535, 5, 'Navatalgordo'),
(536, 5, 'Navatejares'),
(537, 5, 'Neila de San Miguel'),
(538, 5, 'Niharra'),
(539, 5, 'Ojos-Albos'),
(540, 5, 'Orbita'),
(541, 5, 'Oso, El'),
(542, 5, 'Padiernos'),
(543, 5, 'Pajares de Adaja'),
(544, 5, 'Palacios de Goda'),
(545, 5, 'Papatrigo'),
(546, 5, 'Parral, El'),
(547, 5, 'Pascualcobo'),
(548, 5, 'Pedro Bernardo'),
(549, 5, 'Pedro-Rodríguez'),
(550, 5, 'Peguerinos'),
(551, 5, 'Peñalba de Ávila'),
(552, 5, 'Piedrahíta'),
(553, 5, 'Piedralaves'),
(554, 5, 'Poveda'),
(555, 5, 'Poyales del Hoyo'),
(556, 5, 'Pozanco'),
(557, 5, 'Pradosegar'),
(558, 5, 'Puerto Castilla'),
(559, 5, 'Rasueros'),
(560, 5, 'Riocabado'),
(561, 5, 'Riofrío'),
(562, 5, 'Rivilla de Barajas'),
(563, 5, 'Salobral'),
(564, 5, 'Salvadiós'),
(565, 5, 'San Bartolomé de Béjar'),
(566, 5, 'San Bartolomé de Corneja'),
(567, 5, 'San Bartolomé de Pinares'),
(568, 5, 'San Esteban de los Patos'),
(569, 5, 'San Esteban de Zapardiel'),
(570, 5, 'San Esteban del Valle'),
(571, 5, 'San García de Ingelmos'),
(572, 5, 'San Juan de Gredos'),
(573, 5, 'San Juan de la Encinilla'),
(574, 5, 'San Juan de la Nava'),
(575, 5, 'San Juan del Molinillo'),
(576, 5, 'San Juan del Olmo'),
(577, 5, 'San Lorenzo de Tormes'),
(578, 5, 'San Martín de la Vega del Alberche'),
(579, 5, 'San Martín del Pimpollar'),
(580, 5, 'San Miguel de Corneja'),
(581, 5, 'San Miguel de Serrezuela'),
(582, 5, 'San Pascual'),
(583, 5, 'San Pedro del Arroyo'),
(584, 5, 'San Vicente de Arévalo'),
(585, 5, 'Sanchidrián'),
(586, 5, 'Sanchorreja'),
(587, 5, 'Santa Cruz de Pinares'),
(588, 5, 'Santa Cruz del Valle'),
(589, 5, 'Santa María de los Caballeros'),
(590, 5, 'Santa María del Arroyo'),
(591, 5, 'Santa María del Berrocal'),
(592, 5, 'Santa María del Cubillo'),
(593, 5, 'Santa María del Tiétar'),
(594, 5, 'Santiago del Collado'),
(595, 5, 'Santiago del Tormes'),
(596, 5, 'Santo Domingo de las Posadas'),
(597, 5, 'Santo Tomé de Zabarcos'),
(598, 5, 'Serrada, La'),
(599, 5, 'Serranillos'),
(600, 5, 'Sigeres'),
(601, 5, 'Sinlabajos'),
(602, 5, 'Solana de Ávila'),
(603, 5, 'Solana de Rioalmar'),
(604, 5, 'Solosancho'),
(605, 5, 'Sotalbo'),
(606, 5, 'Sotillo de la Adrada'),
(607, 5, 'Tiemblo, El'),
(608, 5, 'Tiñosillos'),
(609, 5, 'Tolbaños'),
(610, 5, 'Tormellas'),
(611, 5, 'Tornadizos de Ávila'),
(612, 5, 'Torre, La'),
(613, 5, 'Tórtoles'),
(614, 5, 'Umbrías'),
(615, 5, 'Vadillo de la Sierra'),
(616, 5, 'Valdecasa'),
(617, 5, 'Vega de Santa María'),
(618, 5, 'Velayos'),
(619, 5, 'Villaflor'),
(620, 5, 'Villafranca de la Sierra'),
(621, 5, 'Villanueva de Ávila'),
(622, 5, 'Villanueva de Gómez'),
(623, 5, 'Villanueva del Aceral'),
(624, 5, 'Villanueva del Campillo'),
(625, 5, 'Villar de Corneja'),
(626, 5, 'Villarejo del Valle'),
(627, 5, 'Villatoro'),
(628, 5, 'Viñegra de Moraña'),
(629, 5, 'Vita'),
(630, 5, 'Zapardiel de la Cañada'),
(631, 5, 'Zapardiel de la Ribera'),
(632, 6, 'Acedera'),
(633, 6, 'Aceuchal'),
(634, 6, 'Ahillones'),
(635, 6, 'Alange'),
(636, 6, 'Albuera, La'),
(637, 6, 'Alburquerque'),
(638, 6, 'Alconchel'),
(639, 6, 'Alconera'),
(640, 6, 'Aljucén'),
(641, 6, 'Almendral'),
(642, 6, 'Almendralejo'),
(643, 6, 'Arroyo de San Serván'),
(644, 6, 'Atalaya'),
(645, 6, 'Azuaga'),
(646, 6, 'Badajoz'),
(647, 6, 'Barcarrota'),
(648, 6, 'Baterno'),
(649, 6, 'Benquerencia de la Serena'),
(650, 6, 'Berlanga'),
(651, 6, 'Bienvenida'),
(652, 6, 'Bodonal de la Sierra'),
(653, 6, 'Burguillos del Cerro'),
(654, 6, 'Cabeza del Buey'),
(655, 6, 'Cabeza la Vaca'),
(656, 6, 'Calamonte'),
(657, 6, 'Calera de León'),
(658, 6, 'Calzadilla de los Barros'),
(659, 6, 'Campanario'),
(660, 6, 'Campillo de Llerena'),
(661, 6, 'Capilla'),
(662, 6, 'Carmonita'),
(663, 6, 'Carrascalejo, El'),
(664, 6, 'Casas de Don Pedro'),
(665, 6, 'Casas de Reina'),
(666, 6, 'Castilblanco'),
(667, 6, 'Castuera'),
(668, 6, 'Cheles'),
(669, 6, 'Codosera, La'),
(670, 6, 'Cordobilla de Lácara'),
(671, 6, 'Coronada, La'),
(672, 6, 'Corte de Peleas'),
(673, 6, 'Cristina'),
(674, 6, 'Don Álvaro'),
(675, 6, 'Don Benito'),
(676, 6, 'Entrín Bajo'),
(677, 6, 'Esparragalejo'),
(678, 6, 'Esparragosa de la Serena'),
(679, 6, 'Esparragosa de Lares'),
(680, 6, 'Feria'),
(681, 6, 'Fregenal de la Sierra'),
(682, 6, 'Fuenlabrada de los Montes'),
(683, 6, 'Fuente de Cantos'),
(684, 6, 'Fuente del Arco'),
(685, 6, 'Fuente del Maestre'),
(686, 6, 'Fuentes de León'),
(687, 6, 'Garbayuela'),
(688, 6, 'Garlitos'),
(689, 6, 'Garrovilla, La'),
(690, 6, 'Granja de Torrehermosa'),
(691, 6, 'Guadiana'),
(692, 6, 'Guareña'),
(693, 6, 'Haba, La'),
(694, 6, 'Helechosa de los Montes'),
(695, 6, 'Herrera del Duque'),
(696, 6, 'Higuera de la Serena'),
(697, 6, 'Higuera de Llerena'),
(698, 6, 'Higuera de Vargas'),
(699, 6, 'Higuera la Real'),
(700, 6, 'Hinojosa del Valle'),
(701, 6, 'Hornachos'),
(702, 6, 'Jerez de los Caballeros'),
(703, 6, 'Lapa, La'),
(704, 6, 'Llera'),
(705, 6, 'Llerena'),
(706, 6, 'Lobón'),
(707, 6, 'Magacela'),
(708, 6, 'Maguilla'),
(709, 6, 'Malcocinado'),
(710, 6, 'Malpartida de la Serena'),
(711, 6, 'Manchita'),
(712, 6, 'Medellín'),
(713, 6, 'Medina de las Torres'),
(714, 6, 'Mengabril'),
(715, 6, 'Mérida'),
(716, 6, 'Mirandilla'),
(717, 6, 'Monesterio'),
(718, 6, 'Montemolín'),
(719, 6, 'Monterrubio de la Serena'),
(720, 6, 'Montijo'),
(721, 6, 'Morera, La'),
(722, 6, 'Nava de Santiago, La'),
(723, 6, 'Navalvillar de Pela'),
(724, 6, 'Nogales'),
(725, 6, 'Oliva de la Frontera'),
(726, 6, 'Oliva de Mérida'),
(727, 6, 'Olivenza'),
(728, 6, 'Orellana de la Sierra'),
(729, 6, 'Orellana la Vieja'),
(730, 6, 'Palomas'),
(731, 6, 'Parra, La'),
(732, 6, 'Peñalsordo'),
(733, 6, 'Peraleda del Zaucejo'),
(734, 6, 'Puebla de Alcocer'),
(735, 6, 'Puebla de la Calzada'),
(736, 6, 'Puebla de la Reina'),
(737, 6, 'Puebla de Obando'),
(738, 6, 'Puebla de Sancho Pérez'),
(739, 6, 'Puebla del Maestre'),
(740, 6, 'Puebla del Prior'),
(741, 6, 'Pueblonuevo del Guadiana'),
(742, 6, 'Quintana de la Serena'),
(743, 6, 'Reina'),
(744, 6, 'Rena'),
(745, 6, 'Retamal de Llerena'),
(746, 6, 'Ribera del Fresno'),
(747, 6, 'Risco'),
(748, 6, 'Roca de la Sierra, La'),
(749, 6, 'Salvaleón'),
(750, 6, 'Salvatierra de los Barros'),
(751, 6, 'San Pedro de Mérida'),
(752, 6, 'San Vicente de Alcántara'),
(753, 6, 'Sancti-Spíritus'),
(754, 6, 'Santa Amalia'),
(755, 6, 'Santa Marta'),
(756, 6, 'Santos de Maimona, Los'),
(757, 6, 'Segura de León'),
(758, 6, 'Siruela'),
(759, 6, 'Solana de los Barros'),
(760, 6, 'Talarrubias'),
(761, 6, 'Talavera la Real'),
(762, 6, 'Táliga'),
(763, 6, 'Tamurejo'),
(764, 6, 'Torre de Miguel Sesmero'),
(765, 6, 'Torremayor'),
(766, 6, 'Torremejía'),
(767, 6, 'Trasierra'),
(768, 6, 'Trujillanos'),
(769, 6, 'Usagre'),
(770, 6, 'Valdecaballeros'),
(771, 6, 'Valdelacalzada'),
(772, 6, 'Valdetorres'),
(773, 6, 'Valencia de las Torres'),
(774, 6, 'Valencia del Mombuey'),
(775, 6, 'Valencia del Ventoso'),
(776, 6, 'Valle de la Serena'),
(777, 6, 'Valle de Matamoros'),
(778, 6, 'Valle de Santa Ana'),
(779, 6, 'Valverde de Burguillos'),
(780, 6, 'Valverde de Leganés'),
(781, 6, 'Valverde de Llerena'),
(782, 6, 'Valverde de Mérida'),
(783, 6, 'Villafranca de los Barros'),
(784, 6, 'Villagarcía de la Torre'),
(785, 6, 'Villagonzalo'),
(786, 6, 'Villalba de los Barros'),
(787, 6, 'Villanueva de la Serena'),
(788, 6, 'Villanueva del Fresno'),
(789, 6, 'Villar de Rena'),
(790, 6, 'Villar del Rey'),
(791, 6, 'Villarta de los Montes'),
(792, 6, 'Zafra'),
(793, 6, 'Zahínos'),
(794, 6, 'Zalamea de la Serena'),
(795, 6, 'Zarza, La'),
(796, 6, 'Zarza-Capilla'),
(797, 7, 'Alaior'),
(798, 7, 'Alaró'),
(799, 7, 'Alcúdia'),
(800, 7, 'Algaida'),
(801, 7, 'Andratx'),
(802, 7, 'Ariany'),
(803, 7, 'Artà'),
(804, 7, 'Banyalbufar'),
(805, 7, 'Binissalem'),
(806, 7, 'Búger'),
(807, 7, 'Bunyola'),
(808, 7, 'Calvià'),
(809, 7, 'Campanet'),
(810, 7, 'Campos'),
(811, 7, 'Capdepera'),
(812, 7, 'Castell, Es'),
(813, 7, 'Ciutadella de Menorca'),
(814, 7, 'Consell'),
(815, 7, 'Costitx'),
(816, 7, 'Deià'),
(817, 7, 'Eivissa'),
(818, 7, 'Escorca'),
(819, 7, 'Esporles'),
(820, 7, 'Estellencs'),
(821, 7, 'Felanitx'),
(822, 7, 'Ferreries'),
(823, 7, 'Formentera'),
(824, 7, 'Fornalutx'),
(825, 7, 'Inca'),
(826, 7, 'Lloret de Vistalegre'),
(827, 7, 'Lloseta'),
(828, 7, 'Llubí'),
(829, 7, 'Llucmajor'),
(830, 7, 'Manacor'),
(831, 7, 'Mancor de la Vall'),
(832, 7, 'Maó'),
(833, 7, 'Maria de la Salut'),
(834, 7, 'Marratxí'),
(835, 7, 'Mercadal, Es'),
(836, 7, 'Migjorn Gran, Es'),
(837, 7, 'Montuïri'),
(838, 7, 'Muro'),
(839, 7, 'Palma'),
(840, 7, 'Petra'),
(841, 7, 'Pobla, Sa'),
(842, 7, 'Pollença'),
(843, 7, 'Porreres'),
(844, 7, 'Puigpunyent'),
(845, 7, 'Salines, Ses'),
(846, 7, 'Sant Antoni de Portmany'),
(847, 7, 'Sant Joan'),
(848, 7, 'Sant Joan de Labritja'),
(849, 7, 'Sant Josep de sa Talaia'),
(850, 7, 'Sant Llorenç des Cardassar'),
(851, 7, 'Sant Lluís'),
(852, 7, 'Santa Eugènia'),
(853, 7, 'Santa Eulària des Riu'),
(854, 7, 'Santa Margalida'),
(855, 7, 'Santa María del Camí'),
(856, 7, 'Santanyí'),
(857, 7, 'Selva'),
(858, 7, 'Sencelles'),
(859, 7, 'Sineu'),
(860, 7, 'Sóller'),
(861, 7, 'Son Servera'),
(862, 7, 'Valldemossa'),
(863, 7, 'Vilafranca de Bonany'),
(864, 8, 'Abrera'),
(865, 8, 'Aguilar de Segarra'),
(866, 8, 'Aiguafreda'),
(867, 8, 'Alella'),
(868, 8, 'Alpens'),
(869, 8, 'Ametlla del Vallès, L\''),
(870, 8, 'Arenys de Mar'),
(871, 8, 'Arenys de Munt'),
(872, 8, 'Argençola'),
(873, 8, 'Argentona'),
(874, 8, 'Artés'),
(875, 8, 'Avià'),
(876, 8, 'Avinyó'),
(877, 8, 'Avinyonet del Penedès'),
(878, 8, 'Badalona'),
(879, 8, 'Badia del Vallès'),
(880, 8, 'Bagà'),
(881, 8, 'Balenyà'),
(882, 8, 'Balsareny'),
(883, 8, 'Barberà del Vallès'),
(884, 8, 'Barcelona'),
(885, 8, 'Begues'),
(886, 8, 'Bellprat'),
(887, 8, 'Berga'),
(888, 8, 'Bigues i Riells del Fai'),
(889, 8, 'Borredà'),
(890, 8, 'Bruc, El'),
(891, 8, 'Brull, El'),
(892, 8, 'Cabanyes, Les'),
(893, 8, 'Cabrera d\'Anoia'),
(894, 8, 'Cabrera de Mar'),
(895, 8, 'Cabrils'),
(896, 8, 'Calaf'),
(897, 8, 'Calders'),
(898, 8, 'Caldes de Montbui'),
(899, 8, 'Caldes d\'Estrac'),
(900, 8, 'Calella'),
(901, 8, 'Calldetenes'),
(902, 8, 'Callús'),
(903, 8, 'Calonge de Segarra'),
(904, 8, 'Campins'),
(905, 8, 'Canet de Mar'),
(906, 8, 'Canovelles'),
(907, 8, 'Cànoves i Samalús'),
(908, 8, 'Canyelles'),
(909, 8, 'Capellades'),
(910, 8, 'Capolat'),
(911, 8, 'Cardedeu'),
(912, 8, 'Cardona'),
(913, 8, 'Carme'),
(914, 8, 'Casserres'),
(915, 8, 'Castell de l\'Areny'),
(916, 8, 'Castellar de n\'Hug'),
(917, 8, 'Castellar del Riu'),
(918, 8, 'Castellar del Vallès'),
(919, 8, 'Castellbell i el Vilar'),
(920, 8, 'Castellbisbal'),
(921, 8, 'Castellcir'),
(922, 8, 'Castelldefels'),
(923, 8, 'Castellet i la Gornal'),
(924, 8, 'Castellfollit de Riubregós'),
(925, 8, 'Castellfollit del Boix'),
(926, 8, 'Castellgalí'),
(927, 8, 'Castellnou de Bages'),
(928, 8, 'Castellolí'),
(929, 8, 'Castellterçol'),
(930, 8, 'Castellví de la Marca'),
(931, 8, 'Castellví de Rosanes'),
(932, 8, 'Centelles'),
(933, 8, 'Cercs'),
(934, 8, 'Cerdanyola del Vallès'),
(935, 8, 'Cervelló'),
(936, 8, 'Collbató'),
(937, 8, 'Collsuspina'),
(938, 8, 'Copons'),
(939, 8, 'Corbera de Llobregat'),
(940, 8, 'Cornellà de Llobregat'),
(941, 8, 'Cubelles'),
(942, 8, 'Dosrius'),
(943, 8, 'Esparreguera'),
(944, 8, 'Esplugues de Llobregat'),
(945, 8, 'Espunyola, L\''),
(946, 8, 'Esquirol, L\''),
(947, 8, 'Estany, L\''),
(948, 8, 'Figaró-Montmany'),
(949, 8, 'Fígols'),
(950, 8, 'Fogars de la Selva'),
(951, 8, 'Fogars de Montclús'),
(952, 8, 'Folgueroles'),
(953, 8, 'Fonollosa'),
(954, 8, 'Font-rubí'),
(955, 8, 'Franqueses del Vallès, Les'),
(956, 8, 'Gaià'),
(957, 8, 'Gallifa'),
(958, 8, 'Garriga, La'),
(959, 8, 'Gavà'),
(960, 8, 'Gelida'),
(961, 8, 'Gironella'),
(962, 8, 'Gisclareny'),
(963, 8, 'Granada, La'),
(964, 8, 'Granera'),
(965, 8, 'Granollers'),
(966, 8, 'Gualba'),
(967, 8, 'Guardiola de Berguedà'),
(968, 8, 'Gurb'),
(969, 8, 'Hospitalet de Llobregat, L\''),
(970, 8, 'Hostalets de Pierola, Els'),
(971, 8, 'Igualada'),
(972, 8, 'Jorba'),
(973, 8, 'Llacuna, La'),
(974, 8, 'Llagosta, La'),
(975, 8, 'Lliçà d\'Amunt'),
(976, 8, 'Lliçà de Vall'),
(977, 8, 'Llinars del Vallès'),
(978, 8, 'Lluçà'),
(979, 8, 'Malgrat de Mar'),
(980, 8, 'Malla'),
(981, 8, 'Manlleu'),
(982, 8, 'Manresa'),
(983, 8, 'Marganell'),
(984, 8, 'Martorell'),
(985, 8, 'Martorelles'),
(986, 8, 'Masies de Roda, Les'),
(987, 8, 'Masies de Voltregà, Les'),
(988, 8, 'Masnou, El'),
(989, 8, 'Masquefa'),
(990, 8, 'Matadepera'),
(991, 8, 'Mataró'),
(992, 8, 'Mediona'),
(993, 8, 'Moià'),
(994, 8, 'Molins de Rei'),
(995, 8, 'Mollet del Vallès'),
(996, 8, 'Monistrol de Calders'),
(997, 8, 'Monistrol de Montserrat'),
(998, 8, 'Montcada i Reixac'),
(999, 8, 'Montclar'),
(1000, 8, 'Montesquiu'),
(1001, 8, 'Montgat'),
(1002, 8, 'Montmajor'),
(1003, 8, 'Montmaneu'),
(1004, 8, 'Montmeló'),
(1005, 8, 'Montornès del Vallès'),
(1006, 8, 'Montseny'),
(1007, 8, 'Muntanyola'),
(1008, 8, 'Mura'),
(1009, 8, 'Navarcles'),
(1010, 8, 'Navàs'),
(1011, 8, 'Nou de Berguedà, La'),
(1012, 8, 'Òdena'),
(1013, 8, 'Olèrdola'),
(1014, 8, 'Olesa de Bonesvalls'),
(1015, 8, 'Olesa de Montserrat'),
(1016, 8, 'Olivella'),
(1017, 8, 'Olost'),
(1018, 8, 'Olvan'),
(1019, 8, 'Orís'),
(1020, 8, 'Oristà'),
(1021, 8, 'Orpí'),
(1022, 8, 'Òrrius'),
(1023, 8, 'Pacs del Penedès'),
(1024, 8, 'Palafolls'),
(1025, 8, 'Palau-solità i Plegamans'),
(1026, 8, 'Pallejà'),
(1027, 8, 'Palma de Cervelló, La'),
(1028, 8, 'Papiol, El'),
(1029, 8, 'Parets del Vallès'),
(1030, 8, 'Perafita'),
(1031, 8, 'Piera'),
(1032, 8, 'Pineda de Mar'),
(1033, 8, 'Pla del Penedès, El'),
(1034, 8, 'Pobla de Claramunt, La'),
(1035, 8, 'Pobla de Lillet, La'),
(1036, 8, 'Polinyà'),
(1037, 8, 'Pont de Vilomara i Rocafort, El'),
(1038, 8, 'Pontons'),
(1039, 8, 'Prat de Llobregat, El'),
(1040, 8, 'Prats de Lluçanès'),
(1041, 8, 'Prats de Rei, Els'),
(1042, 8, 'Premià de Dalt'),
(1043, 8, 'Premià de Mar'),
(1044, 8, 'Puigdàlber'),
(1045, 8, 'Puig-reig'),
(1046, 8, 'Pujalt'),
(1047, 8, 'Quar, La'),
(1048, 8, 'Rajadell'),
(1049, 8, 'Rellinars'),
(1050, 8, 'Ripollet'),
(1051, 8, 'Roca del Vallès, La'),
(1052, 8, 'Roda de Ter'),
(1053, 8, 'Rubí'),
(1054, 8, 'Rubió'),
(1055, 8, 'Rupit i Pruit'),
(1056, 8, 'Sabadell'),
(1057, 8, 'Sagàs'),
(1058, 8, 'Saldes'),
(1059, 8, 'Sallent'),
(1060, 8, 'Sant Adrià de Besòs'),
(1061, 8, 'Sant Agustí de Lluçanès'),
(1062, 8, 'Sant Andreu de la Barca'),
(1063, 8, 'Sant Andreu de Llavaneres'),
(1064, 8, 'Sant Antoni de Vilamajor'),
(1065, 8, 'Sant Bartomeu del Grau'),
(1066, 8, 'Sant Boi de Llobregat'),
(1067, 8, 'Sant Boi de Lluçanès'),
(1068, 8, 'Sant Cebrià de Vallalta'),
(1069, 8, 'Sant Celoni'),
(1070, 8, 'Sant Climent de Llobregat'),
(1071, 8, 'Sant Cugat del Vallès'),
(1072, 8, 'Sant Cugat Sesgarrigues'),
(1073, 8, 'Sant Esteve de Palautordera'),
(1074, 8, 'Sant Esteve Sesrovires'),
(1075, 8, 'Sant Feliu de Codines'),
(1076, 8, 'Sant Feliu de Llobregat'),
(1077, 8, 'Sant Feliu Sasserra'),
(1078, 8, 'Sant Fost de Campsentelles'),
(1079, 8, 'Sant Fruitós de Bages'),
(1080, 8, 'Sant Hipòlit de Voltregà'),
(1081, 8, 'Sant Iscle de Vallalta'),
(1082, 8, 'Sant Jaume de Frontanyà'),
(1083, 8, 'Sant Joan de Vilatorrada'),
(1084, 8, 'Sant Joan Despí'),
(1085, 8, 'Sant Julià de Cerdanyola'),
(1086, 8, 'Sant Julià de Vilatorta'),
(1087, 8, 'Sant Just Desvern'),
(1088, 8, 'Sant Llorenç d\'Hortons'),
(1089, 8, 'Sant Llorenç Savall'),
(1090, 8, 'Sant Martí d\'Albars'),
(1091, 8, 'Sant Martí de Centelles'),
(1092, 8, 'Sant Martí de Tous'),
(1093, 8, 'Sant Martí Sarroca'),
(1094, 8, 'Sant Martí Sesgueioles'),
(1095, 8, 'Sant Mateu de Bages'),
(1096, 8, 'Sant Pere de Ribes'),
(1097, 8, 'Sant Pere de Riudebitlles'),
(1098, 8, 'Sant Pere de Torelló'),
(1099, 8, 'Sant Pere de Vilamajor'),
(1100, 8, 'Sant Pere Sallavinera'),
(1101, 8, 'Sant Pol de Mar'),
(1102, 8, 'Sant Quintí de Mediona'),
(1103, 8, 'Sant Quintí de Mediona'),
(1104, 8, 'Sant Quirze de Besora'),
(1105, 8, 'Sant Quirze del Vallès'),
(1106, 8, 'Sant Quirze Safaja'),
(1107, 8, 'Sant Sadurní d\'Anoia'),
(1108, 8, 'Sant Sadurní d\'Osormort'),
(1109, 8, 'Sant Salvador de Guardiola'),
(1110, 8, 'Sant Vicenç de Castellet'),
(1111, 8, 'Sant Vicenç de Montalt'),
(1112, 8, 'Sant Vicenç de Torelló'),
(1113, 8, 'Sant Vicenç dels Horts'),
(1114, 8, 'Santa Cecília de Voltregà'),
(1115, 8, 'Santa Coloma de Cervelló'),
(1116, 8, 'Santa Coloma de Gramenet'),
(1117, 8, 'Santa Eugènia de Berga'),
(1118, 8, 'Santa Eulàlia de Riuprimer'),
(1119, 8, 'Santa Eulàlia de Ronçana'),
(1120, 8, 'Santa Fe del Penedès'),
(1121, 8, 'Santa Margarida de Montbui'),
(1122, 8, 'Santa Margarida i els Monjos'),
(1123, 8, 'Santa Maria de Besora'),
(1124, 8, 'Santa Maria de Martorelles'),
(1125, 8, 'Santa Maria de Merlès'),
(1126, 8, 'Santa Maria de Miralles'),
(1127, 8, 'Santa Maria de Palautordera'),
(1128, 8, 'Santa Maria d\'Oló'),
(1129, 8, 'Santa Perpètua de Mogoda'),
(1130, 8, 'Santa Susanna'),
(1131, 8, 'Santpedor'),
(1132, 8, 'Sentmenat'),
(1133, 8, 'Seva'),
(1134, 8, 'Sitges'),
(1135, 8, 'Sobremunt'),
(1136, 8, 'Sora'),
(1137, 8, 'Subirats'),
(1138, 8, 'Súria'),
(1139, 8, 'Tagamanent'),
(1140, 8, 'Talamanca'),
(1141, 8, 'Taradell'),
(1142, 8, 'Tavèrnoles'),
(1143, 8, 'Tavertet'),
(1144, 8, 'Teià'),
(1145, 8, 'Terrassa'),
(1146, 8, 'Tiana'),
(1147, 8, 'Tona'),
(1148, 8, 'Tordera'),
(1149, 8, 'Torelló'),
(1150, 8, 'Torre de Claramunt, La'),
(1151, 8, 'Torrelavit'),
(1152, 8, 'Torrelles de Foix'),
(1153, 8, 'Torrelles de Llobregat'),
(1154, 8, 'Ullastrell'),
(1155, 8, 'Vacarisses'),
(1156, 8, 'Vallbona d\'Anoia'),
(1157, 8, 'Vallcebre'),
(1158, 8, 'Vallgorguina'),
(1159, 8, 'Vallirana'),
(1160, 8, 'Vallromanes'),
(1161, 8, 'Veciana'),
(1162, 8, 'Vic'),
(1163, 8, 'Vilada'),
(1164, 8, 'Viladecans'),
(1165, 8, 'Viladecavalls'),
(1166, 8, 'Vilafranca del Penedès'),
(1167, 8, 'Vilalba Sasserra'),
(1168, 8, 'Vilanova de Sau'),
(1169, 8, 'Vilanova del Camí'),
(1170, 8, 'Vilanova del Vallès'),
(1171, 8, 'Vilanova i la Geltrú'),
(1172, 8, 'Vilassar de Dalt'),
(1173, 8, 'Vilassar de Mar'),
(1174, 8, 'Vilobí del Penedès'),
(1175, 8, 'Viver i Serrateix'),
(1176, 9, 'Abajas'),
(1177, 9, 'Adrada de Haza'),
(1178, 9, 'Aguas Cándidas'),
(1179, 9, 'Aguilar de Bureba'),
(1180, 9, 'Albillos'),
(1181, 9, 'Alcocero de Mola'),
(1182, 9, 'Alfoz de Bricia'),
(1183, 9, 'Alfoz de Quintanadueñas'),
(1184, 9, 'Alfoz de Santa Gadea'),
(1185, 9, 'Altable'),
(1186, 9, 'Altos, Los'),
(1187, 9, 'Ameyugo'),
(1188, 9, 'Anguix'),
(1189, 9, 'Aranda de Duero'),
(1190, 9, 'Arandilla'),
(1191, 9, 'Arauzo de Miel'),
(1192, 9, 'Arauzo de Salce'),
(1193, 9, 'Arauzo de Torre'),
(1194, 9, 'Arcos'),
(1195, 9, 'Arenillas de Riopisuerga'),
(1196, 9, 'Arija'),
(1197, 9, 'Arlanzón'),
(1198, 9, 'Arraya de Oca'),
(1199, 9, 'Atapuerca'),
(1200, 9, 'Ausines, Los'),
(1201, 9, 'Avellanosa de Muñó'),
(1202, 9, 'Bahabón de Esgueva'),
(1203, 9, 'Balbases, Los'),
(1204, 9, 'Baños de Valdearados'),
(1205, 9, 'Bañuelos de Bureba'),
(1206, 9, 'Barbadillo de Herreros'),
(1207, 9, 'Barbadillo del Mercado'),
(1208, 9, 'Barbadillo del Pez'),
(1209, 9, 'Barrio de Muñó'),
(1210, 9, 'Barrios de Bureba, Los'),
(1211, 9, 'Barrios de Colina'),
(1212, 9, 'Basconcillos del Tozo'),
(1213, 9, 'Bascuñana'),
(1214, 9, 'Belbimbre'),
(1215, 9, 'Belorado'),
(1216, 9, 'Berberana'),
(1217, 9, 'Berlangas de Roa'),
(1218, 9, 'Berzosa de Bureba'),
(1219, 9, 'Bozoó'),
(1220, 9, 'Brazacorta'),
(1221, 9, 'Briviesca'),
(1222, 9, 'Bugedo'),
(1223, 9, 'Buniel'),
(1224, 9, 'Burgos'),
(1225, 9, 'Busto de Bureba'),
(1226, 9, 'Cabañes de Esgueva'),
(1227, 9, 'Cabezón de la Sierra'),
(1228, 9, 'Caleruega'),
(1229, 9, 'Campillo de Aranda'),
(1230, 9, 'Campolara'),
(1231, 9, 'Canicosa de la Sierra'),
(1232, 9, 'Cantabrana'),
(1233, 9, 'Carazo'),
(1234, 9, 'Carcedo de Bureba'),
(1235, 9, 'Carcedo de Burgos'),
(1236, 9, 'Cardeñadijo'),
(1237, 9, 'Cardeñajimeno'),
(1238, 9, 'Cardeñuela Riopico'),
(1239, 9, 'Carrias'),
(1240, 9, 'Cascajares de Bureba'),
(1241, 9, 'Cascajares de la Sierra'),
(1242, 9, 'Castellanos de Castro'),
(1243, 9, 'Castil de Peones'),
(1244, 9, 'Castildelgado'),
(1245, 9, 'Castrillo de la Reina'),
(1246, 9, 'Castrillo de la Vega'),
(1247, 9, 'Castrillo de Riopisuerga'),
(1248, 9, 'Castrillo del Val'),
(1249, 9, 'Castrillo Mota de Judíos'),
(1250, 9, 'Castrojeriz'),
(1251, 9, 'Cavia'),
(1252, 9, 'Cayuela'),
(1253, 9, 'Cebrecos'),
(1254, 9, 'Celada del Camino'),
(1255, 9, 'Cerezo de Río Tirón'),
(1256, 9, 'Cerratón de Juarros'),
(1257, 9, 'Ciadoncha'),
(1258, 9, 'Cillaperlata'),
(1259, 9, 'Cilleruelo de Abajo'),
(1260, 9, 'Cilleruelo de Arriba'),
(1261, 9, 'Ciruelos de Cervera'),
(1262, 9, 'Cogollos'),
(1263, 9, 'Condado de Treviño'),
(1264, 9, 'Contreras'),
(1265, 9, 'Coruña del Conde'),
(1266, 9, 'Covarrubias'),
(1267, 9, 'Cubillo del Campo'),
(1268, 9, 'Cubo de Bureba'),
(1269, 9, 'Cueva de Roa, La'),
(1270, 9, 'Cuevas de San Clemente'),
(1271, 9, 'Encío'),
(1272, 9, 'Espinosa de Cervera'),
(1273, 9, 'Espinosa de los Monteros'),
(1274, 9, 'Espinosa del Camino'),
(1275, 9, 'Estépar'),
(1276, 9, 'Fontioso'),
(1277, 9, 'Frandovínez'),
(1278, 9, 'Fresneda de la Sierra Tirón'),
(1279, 9, 'Fresneña'),
(1280, 9, 'Fresnillo de las Dueñas'),
(1281, 9, 'Fresno de Río Tirón'),
(1282, 9, 'Fresno de Rodilla'),
(1283, 9, 'Frías'),
(1284, 9, 'Fuentebureba'),
(1285, 9, 'Fuentecén'),
(1286, 9, 'Fuentelcésped'),
(1287, 9, 'Fuentelisendo'),
(1288, 9, 'Fuentemolinos'),
(1289, 9, 'Fuentenebro'),
(1290, 9, 'Fuentespina'),
(1291, 9, 'Galbarros'),
(1292, 9, 'Gallega, La'),
(1293, 9, 'Grijalba'),
(1294, 9, 'Grisaleña'),
(1295, 9, 'Gumiel de Izán'),
(1296, 9, 'Gumiel de Mercado'),
(1297, 9, 'Hacinas'),
(1298, 9, 'Haza'),
(1299, 9, 'Hontanas'),
(1300, 9, 'Hontangas'),
(1301, 9, 'Hontoria de la Cantera'),
(1302, 9, 'Hontoria de Valdearados'),
(1303, 9, 'Hontoria del Pinar'),
(1304, 9, 'Hormazas, Las'),
(1305, 9, 'Hornillos del Camino'),
(1306, 9, 'Horra, La'),
(1307, 9, 'Hortigüela'),
(1308, 9, 'Hoyales de Roa'),
(1309, 9, 'Huérmeces'),
(1310, 9, 'Huerta de Arriba'),
(1311, 9, 'Huerta de Rey'),
(1312, 9, 'Humada'),
(1313, 9, 'Hurones'),
(1314, 9, 'Ibeas de Juarros'),
(1315, 9, 'Ibrillos'),
(1316, 9, 'Iglesiarrubia'),
(1317, 9, 'Iglesias'),
(1318, 9, 'Isar'),
(1319, 9, 'Itero del Castillo'),
(1320, 9, 'Jaramillo de la Fuente'),
(1321, 9, 'Jaramillo Quemado'),
(1322, 9, 'Junta de Traslaloma'),
(1323, 9, 'Junta de Villalba de Losa'),
(1324, 9, 'Jurisdicción de Lara'),
(1325, 9, 'Jurisdicción de San Zadornil'),
(1326, 9, 'Lerma'),
(1327, 9, 'Llano de Bureba'),
(1328, 9, 'Madrigal del Monte'),
(1329, 9, 'Madrigalejo del Monte'),
(1330, 9, 'Mahamud'),
(1331, 9, 'Mambrilla de Castrejón'),
(1332, 9, 'Mambrillas de Lara'),
(1333, 9, 'Mamolar'),
(1334, 9, 'Manciles'),
(1335, 9, 'Mazuela'),
(1336, 9, 'Mecerreyes'),
(1337, 9, 'Medina de Pomar'),
(1338, 9, 'Melgar de Fernamental'),
(1339, 9, 'Merindad de Cuesta-Urria'),
(1340, 9, 'Merindad de Montija'),
(1341, 9, 'Merindad de Río Ubierna'),
(1342, 9, 'Merindad de Sotoscueva'),
(1343, 9, 'Merindad de Valdeporres'),
(1344, 9, 'Merindad de Valdivielso'),
(1345, 9, 'Milagros'),
(1346, 9, 'Miranda de Ebro'),
(1347, 9, 'Miraveche'),
(1348, 9, 'Modúbar de la Emparedada'),
(1349, 9, 'Monasterio de la Sierra'),
(1350, 9, 'Monasterio de Rodilla'),
(1351, 9, 'Moncalvillo'),
(1352, 9, 'Monterrubio de la Demanda'),
(1353, 9, 'Montorio'),
(1354, 9, 'Moradillo de Roa'),
(1355, 9, 'Nava de Roa'),
(1356, 9, 'Navas de Bureba'),
(1357, 9, 'Nebreda'),
(1358, 9, 'Neila'),
(1359, 9, 'Olmedillo de Roa'),
(1360, 9, 'Olmillos de Muñó'),
(1361, 9, 'Oña'),
(1362, 9, 'Oquillas'),
(1363, 9, 'Orbaneja Riopico'),
(1364, 9, 'Padilla de Abajo'),
(1365, 9, 'Padilla de Arriba'),
(1366, 9, 'Padrones de Bureba'),
(1367, 9, 'Palacios de la Sierra'),
(1368, 9, 'Palacios de Riopisuerga'),
(1369, 9, 'Palazuelos de la Sierra'),
(1370, 9, 'Palazuelos de Muñó'),
(1371, 9, 'Pampliega'),
(1372, 9, 'Pancorbo'),
(1373, 9, 'Pardilla'),
(1374, 9, 'Partido de la Sierra en Tobalina'),
(1375, 9, 'Pedrosa de Duero'),
(1376, 9, 'Pedrosa de Río Úrbel'),
(1377, 9, 'Pedrosa del Páramo'),
(1378, 9, 'Pedrosa del Príncipe'),
(1379, 9, 'Peñaranda de Duero'),
(1380, 9, 'Peral de Arlanza'),
(1381, 9, 'Piérnigas'),
(1382, 9, 'Pineda de la Sierra'),
(1383, 9, 'Pineda Trasmonte'),
(1384, 9, 'Pinilla de los Barruecos'),
(1385, 9, 'Pinilla de los Moros'),
(1386, 9, 'Pinilla Trasmonte'),
(1387, 9, 'Poza de la Sal'),
(1388, 9, 'Prádanos de Bureba'),
(1389, 9, 'Pradoluengo'),
(1390, 9, 'Presencio'),
(1391, 9, 'Puebla de Arganzón, La'),
(1392, 9, 'Puentedura'),
(1393, 9, 'Quemada'),
(1394, 9, 'Quintana del Pidio'),
(1395, 9, 'Quintanabureba'),
(1396, 9, 'Quintanaélez'),
(1397, 9, 'Quintanaortuño'),
(1398, 9, 'Quintanapalla'),
(1399, 9, 'Quintanar de la Sierra'),
(1400, 9, 'Quintanavides'),
(1401, 9, 'Quintanilla de la Mata'),
(1402, 9, 'Quintanilla del Agua y Tordueles'),
(1403, 9, 'Quintanilla del Coco'),
(1404, 9, 'Quintanilla San García'),
(1405, 9, 'Quintanilla Vivar'),
(1406, 9, 'Quintanillas, Las'),
(1407, 9, 'Rabanera del Pinar'),
(1408, 9, 'Rábanos'),
(1409, 9, 'Rabé de las Calzadas'),
(1410, 9, 'Rebolledo de la Torre'),
(1411, 9, 'Redecilla del Camino'),
(1412, 9, 'Redecilla del Campo'),
(1413, 9, 'Regumiel de la Sierra'),
(1414, 9, 'Reinoso'),
(1415, 9, 'Retuerta'),
(1416, 9, 'Revilla del Campo'),
(1417, 9, 'Revilla Vallejera'),
(1418, 9, 'Revilla y Ahedo, La'),
(1419, 9, 'Revillarruz'),
(1420, 9, 'Rezmondo'),
(1421, 9, 'Riocavado de la Sierra'),
(1422, 9, 'Roa'),
(1423, 9, 'Rojas'),
(1424, 9, 'Royuela de Río Franco'),
(1425, 9, 'Rubena'),
(1426, 9, 'Rublacedo de Abajo'),
(1427, 9, 'Rucandio'),
(1428, 9, 'Salas de Bureba'),
(1429, 9, 'Salas de los Infantes'),
(1430, 9, 'Saldaña de Burgos'),
(1431, 9, 'Salinillas de Bureba'),
(1432, 9, 'San Adrián de Juarros'),
(1433, 9, 'San Juan del Monte'),
(1434, 9, 'San Mamés de Burgos'),
(1435, 9, 'San Martín de Rubiales'),
(1436, 9, 'San Millán de Lara'),
(1437, 9, 'San Vicente del Valle'),
(1438, 9, 'Santa Cecilia'),
(1439, 9, 'Santa Cruz de la Salceda'),
(1440, 9, 'Santa Cruz del Valle Urbión'),
(1441, 9, 'Santa Gadea del Cid'),
(1442, 9, 'Santa Inés'),
(1443, 9, 'Santa María del Campo'),
(1444, 9, 'Santa María del Invierno'),
(1445, 9, 'Santa María del Mercadillo'),
(1446, 9, 'Santa María Ribarredonda'),
(1447, 9, 'Santa Olalla de Bureba'),
(1448, 9, 'Santibáñez de Esgueva'),
(1449, 9, 'Santibáñez del Val'),
(1450, 9, 'Santo Domingo de Silos'),
(1451, 9, 'Sargentes de la Lora'),
(1452, 9, 'Sarracín'),
(1453, 9, 'Sasamón'),
(1454, 9, 'Sequera de Haza, La'),
(1455, 9, 'Solarana'),
(1456, 9, 'Sordillos'),
(1457, 9, 'Sotillo de la Ribera'),
(1458, 9, 'Sotragero'),
(1459, 9, 'Sotresgudo'),
(1460, 9, 'Susinos del Páramo'),
(1461, 9, 'Tamarón'),
(1462, 9, 'Tardajos'),
(1463, 9, 'Tejada'),
(1464, 9, 'Terradillos de Esgueva'),
(1465, 9, 'Tinieblas de la Sierra'),
(1466, 9, 'Tobar'),
(1467, 9, 'Tordómar'),
(1468, 9, 'Torrecilla del Monte'),
(1469, 9, 'Torregalindo'),
(1470, 9, 'Torrelara'),
(1471, 9, 'Torrepadre'),
(1472, 9, 'Torresandino'),
(1473, 9, 'Tórtoles de Esgueva'),
(1474, 9, 'Tosantos'),
(1475, 9, 'Trespaderne'),
(1476, 9, 'Tubilla del Agua'),
(1477, 9, 'Tubilla del Lago'),
(1478, 9, 'Úrbel del Castillo'),
(1479, 9, 'Vadocondes'),
(1480, 9, 'Valdeande'),
(1481, 9, 'Valdezate'),
(1482, 9, 'Valdorros'),
(1483, 9, 'Vallarta de Bureba'),
(1484, 9, 'Valle de las Navas'),
(1485, 9, 'Valle de Losa'),
(1486, 9, 'Valle de Manzanedo'),
(1487, 9, 'Valle de Mena'),
(1488, 9, 'Valle de Oca'),
(1489, 9, 'Valle de Santibáñez'),
(1490, 9, 'Valle de Sedano'),
(1491, 9, 'Valle de Tobalina'),
(1492, 9, 'Valle de Valdebezana'),
(1493, 9, 'Valle de Valdelaguna'),
(1494, 9, 'Valle de Valdelucio'),
(1495, 9, 'Valle de Zamanzas'),
(1496, 9, 'Vallejera'),
(1497, 9, 'Valles de Palenzuela'),
(1498, 9, 'Valluércanes'),
(1499, 9, 'Valmala'),
(1500, 9, 'Vid de Bureba, La'),
(1501, 9, 'Vid y Barrios, La'),
(1502, 9, 'Vileña'),
(1503, 9, 'Villadiego'),
(1504, 9, 'Villaescusa de Roa'),
(1505, 9, 'Villaescusa la Sombría'),
(1506, 9, 'Villaespasa'),
(1507, 9, 'Villafranca Montes de Oca'),
(1508, 9, 'Villafruela'),
(1509, 9, 'Villagalijo'),
(1510, 9, 'Villagonzalo Pedernales'),
(1511, 9, 'Villahoz'),
(1512, 9, 'Villalba de Duero'),
(1513, 9, 'Villalbilla de Burgos'),
(1514, 9, 'Villalbilla de Gumiel'),
(1515, 9, 'Villaldemiro'),
(1516, 9, 'Villalmanzo'),
(1517, 9, 'Villamayor de los Montes'),
(1518, 9, 'Villamayor de Treviño'),
(1519, 10, 'Abadía'),
(1520, 10, 'Abertura'),
(1521, 10, 'Acebo'),
(1522, 10, 'Acehúche'),
(1523, 10, 'Aceituna'),
(1524, 10, 'Ahigal'),
(1525, 10, 'Alagón del Río'),
(1526, 10, 'Albalá'),
(1527, 10, 'Alcántara'),
(1528, 10, 'Alcollarín'),
(1529, 10, 'Alcuéscar'),
(1530, 10, 'Aldea del Cano'),
(1531, 10, 'Aldea del Obispo, La'),
(1532, 10, 'Aldeacentenera'),
(1533, 10, 'Aldeanueva de la Vera'),
(1534, 10, 'Aldeanueva del Camino'),
(1535, 10, 'Aldehuela de Jerte'),
(1536, 10, 'Alía'),
(1537, 10, 'Aliseda'),
(1538, 10, 'Almaraz'),
(1539, 10, 'Almoharín'),
(1540, 10, 'Arroyo de la Luz'),
(1541, 10, 'Arroyomolinos'),
(1542, 10, 'Arroyomolinos de la Vera'),
(1543, 10, 'Baños de Montemayor'),
(1544, 10, 'Barrado'),
(1545, 10, 'Belvís de Monroy'),
(1546, 10, 'Benquerencia'),
(1547, 10, 'Berrocalejo'),
(1548, 10, 'Berzocana'),
(1549, 10, 'Bohonal de Ibor'),
(1550, 10, 'Botija'),
(1551, 10, 'Brozas'),
(1552, 10, 'Cabañas del Castillo'),
(1553, 10, 'Cabezabellosa'),
(1554, 10, 'Cabezuela del Valle'),
(1555, 10, 'Cabrero'),
(1556, 10, 'Cáceres'),
(1557, 10, 'Cachorrilla'),
(1558, 10, 'Cadalso'),
(1559, 10, 'Calzadilla'),
(1560, 10, 'Caminomorisco'),
(1561, 10, 'Campillo de Deleitosa'),
(1562, 10, 'Campo Lugar'),
(1563, 10, 'Cañamero'),
(1564, 10, 'Cañaveral'),
(1565, 10, 'Carbajo'),
(1566, 10, 'Carcaboso'),
(1567, 10, 'Carrascalejo'),
(1568, 10, 'Casar de Cáceres'),
(1569, 10, 'Casar de Palomero'),
(1570, 10, 'Casares de las Hurdes'),
(1571, 10, 'Casas de Don Antonio'),
(1572, 10, 'Casas de Don Gómez'),
(1573, 10, 'Casas de Millán'),
(1574, 10, 'Casas de Miravete'),
(1575, 10, 'Casas del Castañar'),
(1576, 10, 'Casas del Monte'),
(1577, 10, 'Casatejada'),
(1578, 10, 'Casillas de Coria'),
(1579, 10, 'Castañar de Ibor'),
(1580, 10, 'Ceclavín'),
(1581, 10, 'Cedillo'),
(1582, 10, 'Cerezo'),
(1583, 10, 'Cilleros'),
(1584, 10, 'Collado de la Vera'),
(1585, 10, 'Conquista de la Sierra'),
(1586, 10, 'Coria'),
(1587, 10, 'Cuacos de Yuste'),
(1588, 10, 'Cumbre, La'),
(1589, 10, 'Deleitosa'),
(1590, 10, 'Descargamaría'),
(1591, 10, 'Eljas'),
(1592, 10, 'Escurial'),
(1593, 10, 'Fresnedoso de Ibor'),
(1594, 10, 'Galisteo'),
(1595, 10, 'Garciaz'),
(1596, 10, 'Garganta, La'),
(1597, 10, 'Garganta la Olla'),
(1598, 10, 'Gargantilla'),
(1599, 10, 'Gargüera'),
(1600, 10, 'Garrovillas de Alconétar'),
(1601, 10, 'Garvín'),
(1602, 10, 'Gata'),
(1603, 10, 'Gordo, El'),
(1604, 10, 'Granja, La'),
(1605, 10, 'Guadalupe'),
(1606, 10, 'Guijo de Coria'),
(1607, 10, 'Guijo de Galisteo'),
(1608, 10, 'Guijo de Granadilla'),
(1609, 10, 'Guijo de Santa Bárbara'),
(1610, 10, 'Herguijuela'),
(1611, 10, 'Hernán-Pérez'),
(1612, 10, 'Herrera de Alcántara'),
(1613, 10, 'Herreruela'),
(1614, 10, 'Hervás'),
(1615, 10, 'Higuera de Albalat'),
(1616, 10, 'Hinojal'),
(1617, 10, 'Holguera'),
(1618, 10, 'Hoyos'),
(1619, 10, 'Huélaga'),
(1620, 10, 'Ibahernando'),
(1621, 10, 'Jaraicejo'),
(1622, 10, 'Jaraíz de la Vera'),
(1623, 10, 'Jarandilla de la Vera'),
(1624, 10, 'Jarilla'),
(1625, 10, 'Jerte'),
(1626, 10, 'Ladrillar'),
(1627, 10, 'Logrosán'),
(1628, 10, 'Losar de la Vera'),
(1629, 10, 'Madrigal de la Vera'),
(1630, 10, 'Madrigalejo'),
(1631, 10, 'Madroñera'),
(1632, 10, 'Majadas'),
(1633, 10, 'Malpartida de Cáceres'),
(1634, 10, 'Malpartida de Plasencia'),
(1635, 10, 'Marchagaz'),
(1636, 10, 'Mata de Alcántara'),
(1637, 10, 'Membrío'),
(1638, 10, 'Mesas de Ibor'),
(1639, 10, 'Miajadas'),
(1640, 10, 'Millanes'),
(1641, 10, 'Mirabel'),
(1642, 10, 'Mohedas de Granadilla'),
(1643, 10, 'Monroy'),
(1644, 10, 'Montánchez'),
(1645, 10, 'Montehermoso'),
(1646, 10, 'Moraleja'),
(1647, 10, 'Morcillo'),
(1648, 10, 'Navaconcejo'),
(1649, 10, 'Navalmoral de la Mata'),
(1650, 10, 'Navalvillar de Ibor'),
(1651, 10, 'Navas del Madroño'),
(1652, 10, 'Navezuelas'),
(1653, 10, 'Nuñomoral'),
(1654, 10, 'Oliva de Plasencia'),
(1655, 10, 'Palomero'),
(1656, 10, 'Pasarón de la Vera'),
(1657, 10, 'Pedroso de Acim'),
(1658, 10, 'Peraleda de la Mata'),
(1659, 10, 'Peraleda de San Román'),
(1660, 10, 'Perales del Puerto'),
(1661, 10, 'Pescueza'),
(1662, 10, 'Pesga, La'),
(1663, 10, 'Piedras Albas'),
(1664, 10, 'Pinofranqueado'),
(1665, 10, 'Piornal'),
(1666, 10, 'Plasencia'),
(1667, 10, 'Plasenzuela'),
(1668, 10, 'Portaje'),
(1669, 10, 'Portezuelo'),
(1670, 10, 'Pozuelo de Zarzón'),
(1671, 10, 'Pueblonuevo de Miramontes'),
(1672, 10, 'Puerto de Santa Cruz'),
(1673, 10, 'Rebollar'),
(1674, 10, 'Riolobos'),
(1675, 10, 'Robledillo de Gata'),
(1676, 10, 'Robledillo de la Vera'),
(1677, 10, 'Robledillo de Trujillo'),
(1678, 10, 'Robledollano'),
(1679, 10, 'Romangordo'),
(1680, 10, 'Rosalejo'),
(1681, 10, 'Ruanes'),
(1682, 10, 'Salorino'),
(1683, 10, 'Salvatierra de Santiago'),
(1684, 10, 'San Martín de Trevejo'),
(1685, 10, 'Santa Ana'),
(1686, 10, 'Santa Cruz de la Sierra'),
(1687, 10, 'Santa Cruz de Paniagua'),
(1688, 10, 'Santa Marta de Magasca'),
(1689, 10, 'Santiago de Alcántara'),
(1690, 10, 'Santiago del Campo'),
(1691, 10, 'Santibáñez el Alto'),
(1692, 10, 'Santibáñez el Bajo'),
(1693, 10, 'Saucedilla'),
(1694, 10, 'Segura de Toro'),
(1695, 10, 'Serradilla'),
(1696, 10, 'Serrejón'),
(1697, 10, 'Sierra de Fuentes'),
(1698, 10, 'Talaván'),
(1699, 10, 'Talaveruela de la Vera'),
(1700, 10, 'Talayuela'),
(1701, 10, 'Tejeda de Tiétar'),
(1702, 10, 'Tiétar'),
(1703, 10, 'Toril'),
(1704, 10, 'Tornavacas'),
(1705, 10, 'Torno, El'),
(1706, 10, 'Torre de Don Miguel'),
(1707, 10, 'Torre de Santa María'),
(1708, 10, 'Torrecilla de los Ángeles'),
(1709, 10, 'Torrecillas de la Tiesa'),
(1710, 10, 'Torrejón el Rubio'),
(1711, 10, 'Torrejoncillo'),
(1712, 10, 'Torremenga'),
(1713, 10, 'Torremocha'),
(1714, 10, 'Torreorgaz'),
(1715, 10, 'Torrequemada'),
(1716, 10, 'Trujillo'),
(1717, 10, 'Valdastillas'),
(1718, 10, 'Valdecañas de Tajo'),
(1719, 10, 'Valdefuentes'),
(1720, 10, 'Valdehúncar'),
(1721, 10, 'Valdelacasa de Tajo'),
(1722, 10, 'Valdemorales'),
(1723, 10, 'Valdeobispo'),
(1724, 10, 'Valencia de Alcántara'),
(1725, 10, 'Valverde de la Vera'),
(1726, 10, 'Valverde del Fresno'),
(1727, 10, 'Vegaviana'),
(1728, 10, 'Viandar de la Vera'),
(1729, 10, 'Villa del Campo'),
(1730, 10, 'Villa del Rey'),
(1731, 10, 'Villamesías'),
(1732, 10, 'Villamiel'),
(1733, 10, 'Villanueva de la Sierra'),
(1734, 10, 'Villanueva de la Vera'),
(1735, 10, 'Villar de Plasencia'),
(1736, 10, 'Villar del Pedroso'),
(1737, 10, 'Villasbuenas de Gata'),
(1738, 10, 'Zarza de Granadilla'),
(1739, 10, 'Zarza de Montánchez'),
(1740, 10, 'Zarza la Mayor'),
(1741, 10, 'Zorita'),
(1742, 11, 'Alcalá de los Gazules'),
(1743, 11, 'Alcalá del Valle'),
(1744, 11, 'Algar'),
(1745, 11, 'Algeciras'),
(1746, 11, 'Algodonales'),
(1747, 11, 'Arcos de la Frontera'),
(1748, 11, 'Barbate'),
(1749, 11, 'Barrios, Los'),
(1750, 11, 'Benalup-Casas Viejas'),
(1751, 11, 'Benaocaz'),
(1752, 11, 'Bornos'),
(1753, 11, 'Bosque, El'),
(1754, 11, 'Cádiz'),
(1755, 11, 'Castellar de la Frontera'),
(1756, 11, 'Chiclana de la Frontera'),
(1757, 11, 'Chipiona'),
(1758, 11, 'Conil de la Frontera'),
(1759, 11, 'Espera'),
(1760, 11, 'Gastor, El'),
(1761, 11, 'Grazalema'),
(1762, 11, 'Jerez de la Frontera'),
(1763, 11, 'Jimena de la Frontera'),
(1764, 11, 'Línea de la Concepción, La'),
(1765, 11, 'Medina Sidonia'),
(1766, 11, 'Olvera'),
(1767, 11, 'Paterna de Rivera'),
(1768, 11, 'Prado del Rey'),
(1769, 11, 'Puerto de Santa María, El'),
(1770, 11, 'Puerto Real'),
(1771, 11, 'Puerto Serrano'),
(1772, 11, 'Rota'),
(1773, 11, 'San Fernando'),
(1774, 11, 'San José del Valle'),
(1775, 11, 'San Martín del Tesorillo'),
(1776, 11, 'San Roque'),
(1777, 11, 'Sanlúcar de Barrameda'),
(1778, 11, 'Setenil de las Bodegas'),
(1779, 11, 'Tarifa'),
(1780, 11, 'Torre Alháquime'),
(1781, 11, 'Trebujena'),
(1782, 11, 'Ubrique'),
(1783, 11, 'Vejer de la Frontera'),
(1784, 11, 'Villaluenga del Rosario'),
(1785, 11, 'Villamartín'),
(1786, 11, 'Zahara'),
(1787, 12, 'Aín'),
(1788, 12, 'Albocàsser'),
(1789, 12, 'Alcalà de Xivert'),
(1790, 12, 'Alcora, l\''),
(1791, 12, 'Alcudia de Veo'),
(1792, 12, 'Alfondeguilla'),
(1793, 12, 'Algimia de Almonacid'),
(1794, 12, 'Almassora'),
(1795, 12, 'Almedíjar'),
(1796, 12, 'Almenara'),
(1797, 12, 'Alqueries, les/Alquerías del Niño Perdido'),
(1798, 12, 'Altura'),
(1799, 12, 'Arañuel'),
(1800, 12, 'Ares del Maestrat'),
(1801, 12, 'Argelita'),
(1802, 12, 'Artana'),
(1803, 12, 'Atzeneta del Maestrat'),
(1804, 12, 'Ayódar'),
(1805, 12, 'Azuébar'),
(1806, 12, 'Barracas'),
(1807, 12, 'Bejís'),
(1808, 12, 'Benafer'),
(1809, 12, 'Benafigos'),
(1810, 12, 'Benassal'),
(1811, 12, 'Benicarló'),
(1812, 12, 'Benicàssim/Benicasim'),
(1813, 12, 'Benlloc'),
(1814, 12, 'Betxí'),
(1815, 12, 'Borriana/Burriana'),
(1816, 12, 'Borriol'),
(1817, 12, 'Cabanes'),
(1818, 12, 'Càlig'),
(1819, 12, 'Canet lo Roig'),
(1820, 12, 'Castell de Cabres'),
(1821, 12, 'Castellfort'),
(1822, 12, 'Castellnovo'),
(1823, 12, 'Castelló de la Plana/Castellón de la Plana'),
(1824, 12, 'Castillo de Villamalefa'),
(1825, 12, 'Catí'),
(1826, 12, 'Caudiel'),
(1827, 12, 'Cervera del Maestre'),
(1828, 12, 'Chilches/Xilxes'),
(1829, 12, 'Chóvar'),
(1830, 12, 'Cinctorres'),
(1831, 12, 'Cirat'),
(1832, 12, 'Cortes de Arenoso'),
(1833, 12, 'Costur'),
(1834, 12, 'Coves de Vinromà, les'),
(1835, 12, 'Culla'),
(1836, 12, 'Eslida'),
(1837, 12, 'Espadilla'),
(1838, 12, 'Fanzara'),
(1839, 12, 'Figueroles'),
(1840, 12, 'Forcall'),
(1841, 12, 'Fuente la Reina'),
(1842, 12, 'Fuentes de Ayódar'),
(1843, 12, 'Gaibiel'),
(1844, 12, 'Geldo'),
(1845, 12, 'Herbers'),
(1846, 12, 'Higueras'),
(1847, 12, 'Jana, la'),
(1848, 12, 'Jérica'),
(1849, 12, 'Llosa, la'),
(1850, 12, 'Llucena/Lucena del Cid'),
(1851, 12, 'Ludiente'),
(1852, 12, 'Mata de Morella, la'),
(1853, 12, 'Matet'),
(1854, 12, 'Moncofa'),
(1855, 12, 'Montán'),
(1856, 12, 'Montanejos'),
(1857, 12, 'Morella'),
(1858, 12, 'Navajas'),
(1859, 12, 'Nules'),
(1860, 12, 'Olocau del Rey'),
(1861, 12, 'Onda'),
(1862, 12, 'Orpesa/Oropesa del Mar'),
(1863, 12, 'Palanques'),
(1864, 12, 'Pavías'),
(1865, 12, 'Peníscola/Peñíscola'),
(1866, 12, 'Pina de Montalgrao'),
(1867, 12, 'Pobla de Benifassà, la'),
(1868, 12, 'Pobla Tornesa, la'),
(1869, 12, 'Portell de Morella'),
(1870, 12, 'Puebla de Arenoso'),
(1871, 12, 'Ribesalbes'),
(1872, 12, 'Rossell'),
(1873, 12, 'Sacañet'),
(1874, 12, 'Salzadella, la'),
(1875, 12, 'San Rafael del Río'),
(1876, 12, 'Sant Joan de Moró'),
(1877, 12, 'Sant Jordi/San Jorge'),
(1878, 12, 'Sant Mateu'),
(1879, 12, 'Santa Magdalena de Pulpis'),
(1880, 12, 'Segorbe'),
(1881, 12, 'Serratella, la'),
(1882, 12, 'Sierra Engarcerán'),
(1883, 12, 'Soneja'),
(1884, 12, 'Sot de Ferrer'),
(1885, 12, 'Suera/Sueras'),
(1886, 12, 'Tales'),
(1887, 12, 'Teresa'),
(1888, 12, 'Tírig'),
(1889, 12, 'Todolella'),
(1890, 12, 'Toga'),
(1891, 12, 'Torás'),
(1892, 12, 'Toro, El'),
(1893, 12, 'Torralba del Pinar'),
(1894, 12, 'Torre d\'en Besora, la'),
(1895, 12, 'Torre d\'en Doménec, la'),
(1896, 12, 'Torreblanca'),
(1897, 12, 'Torrechiva'),
(1898, 12, 'Traiguera'),
(1899, 12, 'Useres, les/Useras'),
(1900, 12, 'Vall d\'Alba'),
(1901, 12, 'Vall de Almonacid'),
(1902, 12, 'Vall d\'Uixó, la'),
(1903, 12, 'Vallat'),
(1904, 12, 'Vallibona'),
(1905, 12, 'Vilafamés'),
(1906, 12, 'Vilafranca/Villafranca del Cid'),
(1907, 12, 'Vilanova d\'Alcolea'),
(1908, 12, 'Vilar de Canes'),
(1909, 12, 'Vila-real'),
(1910, 12, 'Vilavella, la'),
(1911, 12, 'Villahermosa del Río'),
(1912, 12, 'Villamalur'),
(1913, 12, 'Villanueva de Viver'),
(1914, 12, 'Villores'),
(1915, 12, 'Vinaròs'),
(1916, 12, 'Vistabella del Maestrat'),
(1917, 12, 'Viver'),
(1918, 12, 'Xert'),
(1919, 12, 'Xodos/Chodos'),
(1920, 12, 'Zorita del Maestrazgo'),
(1921, 12, 'Zucaina');

-- --------------------------------------------------------

--
-- Estructura de tabla para la tabla `pagos`
--

CREATE TABLE `pagos` (
  `id` int(11) NOT NULL,
  `poliza_id` int(11) DEFAULT NULL,
  `fecha` date NOT NULL,
  `importe` decimal(10,2) NOT NULL
) ENGINE=InnoDB DEFAULT CHARSET=utf8mb4 COLLATE=utf8mb4_spanish_ci;

-- --------------------------------------------------------

--
-- Estructura de tabla para la tabla `polizas`
--

CREATE TABLE `polizas` (
  `id` int(11) NOT NULL,
  `cliente_id` int(11) DEFAULT NULL,
  `numero_poliza` varchar(50) NOT NULL,
  `importe_total` decimal(10,2) NOT NULL,
  `fecha` date NOT NULL,
  `estado` enum('cobrada','a cuenta','liquidada','anulada','pre-anulada') DEFAULT 'a cuenta',
  `observaciones` text DEFAULT NULL
) ENGINE=InnoDB DEFAULT CHARSET=utf8mb4 COLLATE=utf8mb4_spanish_ci;

-- --------------------------------------------------------

--
-- Estructura de tabla para la tabla `provincias`
--

CREATE TABLE `provincias` (
  `id` int(11) NOT NULL,
  `nombre` varchar(100) NOT NULL
) ENGINE=InnoDB DEFAULT CHARSET=utf8mb4 COLLATE=utf8mb4_spanish_ci;

--
-- Volcado de datos para la tabla `provincias`
--

INSERT INTO `provincias` (`id`, `nombre`) VALUES
(1, 'Álava'),
(2, 'Albacete'),
(3, 'Alicante'),
(4, 'Almería'),
(5, 'Ávila'),
(6, 'Badajoz'),
(7, 'Balears (Illes)'),
(8, 'Barcelona'),
(9, 'Burgos'),
(10, 'Cáceres'),
(11, 'Cádiz'),
(12, 'Castellón'),
(13, 'Ciudad Real'),
(14, 'Córdoba'),
(15, 'Coruña (A)'),
(16, 'Cuenca'),
(17, 'Girona'),
(18, 'Granada'),
(19, 'Guadalajara'),
(20, 'Gipuzkoa'),
(21, 'Huelva'),
(22, 'Huesca'),
(23, 'Jaén'),
(24, 'León'),
(25, 'Lleida'),
(26, 'Rioja (La)'),
(27, 'Lugo'),
(28, 'Madrid'),
(29, 'Málaga'),
(30, 'Murcia'),
(31, 'Navarra'),
(32, 'Ourense'),
(33, 'Asturias'),
(34, 'Palencia'),
(35, 'Palmas (Las)'),
(36, 'Pontevedra'),
(37, 'Salamanca'),
(38, 'Santa Cruz de Tenerife'),
(39, 'Cantabria'),
(40, 'Segovia'),
(41, 'Sevilla'),
(42, 'Soria'),
(43, 'Tarragona'),
(44, 'Teruel'),
(45, 'Toledo'),
(46, 'Valencia'),
(47, 'Valladolid'),
(48, 'Vizcaya'),
(49, 'Zamora'),
(50, 'Zaragoza'),
(51, 'Ceuta'),
(52, 'Melilla');

-- --------------------------------------------------------

--
-- Estructura de tabla para la tabla `usuarios`
--

CREATE TABLE `usuarios` (
  `id` int(11) NOT NULL,
  `usuario` varchar(50) NOT NULL,
  `password` varchar(255) NOT NULL,
  `nombre` varchar(100) DEFAULT NULL
) ENGINE=InnoDB DEFAULT CHARSET=utf8mb4 COLLATE=utf8mb4_spanish_ci;

--
-- Volcado de datos para la tabla `usuarios`
--

INSERT INTO `usuarios` (`id`, `usuario`, `password`, `nombre`) VALUES
(1, 'admin', 'admin1234', 'Administrador'),
(2, 'javiermartin', '$2y$10$92IXUNpkjO0rOQ5byMi.Ye4oKoEa3Ro9llC/.og/at2.uheWG/igi', 'Javier Martín'),
(3, 'mariagarcia', '$2y$10$92IXUNpkjO0rOQ5byMi.Ye4oKoEa3Ro9llC/.og/at2.uheWG/igi', 'María García');

--
-- Índices para tablas volcadas
--

--
-- Indices de la tabla `clientes`
--
ALTER TABLE `clientes`
  ADD PRIMARY KEY (`id`),
  ADD UNIQUE KEY `dni` (`dni`),
  ADD KEY `provincia_id` (`provincia_id`),
  ADD KEY `localidad_id` (`localidad_id`);

--
-- Indices de la tabla `municipios`
--
ALTER TABLE `municipios`
  ADD PRIMARY KEY (`id`),
  ADD KEY `provincia_id` (`provincia_id`);

--
-- Indices de la tabla `pagos`
--
ALTER TABLE `pagos`
  ADD PRIMARY KEY (`id`),
  ADD KEY `poliza_id` (`poliza_id`);

--
-- Indices de la tabla `polizas`
--
ALTER TABLE `polizas`
  ADD PRIMARY KEY (`id`),
  ADD UNIQUE KEY `numero_poliza` (`numero_poliza`),
  ADD KEY `cliente_id` (`cliente_id`);

--
-- Indices de la tabla `provincias`
--
ALTER TABLE `provincias`
  ADD PRIMARY KEY (`id`);

--
-- Indices de la tabla `usuarios`
--
ALTER TABLE `usuarios`
  ADD PRIMARY KEY (`id`),
  ADD UNIQUE KEY `usuario` (`usuario`);

--
-- AUTO_INCREMENT de las tablas volcadas
--

--
-- AUTO_INCREMENT de la tabla `clientes`
--
ALTER TABLE `clientes`
  MODIFY `id` int(11) NOT NULL AUTO_INCREMENT, AUTO_INCREMENT=11;

--
-- AUTO_INCREMENT de la tabla `municipios`
--
ALTER TABLE `municipios`
  MODIFY `id` int(11) NOT NULL AUTO_INCREMENT, AUTO_INCREMENT=1922;

--
-- AUTO_INCREMENT de la tabla `pagos`
--
ALTER TABLE `pagos`
  MODIFY `id` int(11) NOT NULL AUTO_INCREMENT;

--
-- AUTO_INCREMENT de la tabla `polizas`
--
ALTER TABLE `polizas`
  MODIFY `id` int(11) NOT NULL AUTO_INCREMENT;

--
-- AUTO_INCREMENT de la tabla `usuarios`
--
ALTER TABLE `usuarios`
  MODIFY `id` int(11) NOT NULL AUTO_INCREMENT, AUTO_INCREMENT=4;

--
-- Restricciones para tablas volcadas
--

--
-- Filtros para la tabla `clientes`
--
ALTER TABLE `clientes`
  ADD CONSTRAINT `clientes_ibfk_1` FOREIGN KEY (`provincia_id`) REFERENCES `provincias` (`id`),
  ADD CONSTRAINT `clientes_ibfk_2` FOREIGN KEY (`localidad_id`) REFERENCES `municipios` (`id`);

--
-- Filtros para la tabla `municipios`
--
ALTER TABLE `municipios`
  ADD CONSTRAINT `municipios_ibfk_1` FOREIGN KEY (`provincia_id`) REFERENCES `provincias` (`id`);

--
-- Filtros para la tabla `pagos`
--
ALTER TABLE `pagos`
  ADD CONSTRAINT `pagos_ibfk_1` FOREIGN KEY (`poliza_id`) REFERENCES `polizas` (`id`) ON DELETE CASCADE;

--
-- Filtros para la tabla `polizas`
--
ALTER TABLE `polizas`
  ADD CONSTRAINT `polizas_ibfk_1` FOREIGN KEY (`cliente_id`) REFERENCES `clientes` (`id`) ON DELETE CASCADE;
COMMIT;

/*!40101 SET CHARACTER_SET_CLIENT=@OLD_CHARACTER_SET_CLIENT */;
/*!40101 SET CHARACTER_SET_RESULTS=@OLD_CHARACTER_SET_RESULTS */;
/*!40101 SET COLLATION_CONNECTION=@OLD_COLLATION_CONNECTION */;
